{
    "packages": [
        {
            "name": "kdu/paygolcore",
            "version": "1.0.0",
            "version_normalized": "1.0.0.0",
            "dist": {
                "type": "path",
                "url": "./paygol-core",
                "reference": "a6475af7c71f5eac149780aeee0dc73852d41c65"
            },
            "require": {
                "ext-curl": "*",
                "ext-json": "*",
                "ext-mbstring": "*",
                "php": ">=7.0"
            },
            "require-dev": {
                "phpunit/phpunit": "~8.5"
            },
            "type": "library",
            "installation-source": "dist",
            "autoload": {
                "psr-4": {
                    "Paygol\\PaygolCore\\": "src"
                }
            },
            "license": [
                "AFL-3.0"
            ],
            "authors": [
                {
                    "name": "KDU Ltda.",
                    "email": "contacto@kdu.cl"
                }
            ],
            "description": "SDK for Paygol SpA, a payment gateway.",
            "keywords": [
                "core paygol",
                "paygol php",
                "paygol-sdk"
            ],
            "transport-options": {
                "relative": true
            },
            "install-path": "../kdu/paygolcore"
        }
    ],
    "dev": true,
    "dev-package-names": []
}
